"movieId","title","year"
1,"Toy Story",1995
2,"Jumanji",1995
3,"Grumpier Old Men",1995
4,"Waiting to Exhale",1995
5,"Father of the Bride Part II",1995
6,"Heat",1995
7,"Sabrina",1995
8,"Tom and Huck",1995
9,"Sudden Death",1995
10,"GoldenEye",1995
11,"American President, The",1995
12,"Dracula: Dead and Loving It",1995
13,"Balto",1995
14,"Nixon",1995
15,"Cutthroat Island",1995
16,"Casino",1995
17,"Sense and Sensibility",1995
18,"Four Rooms",1995
19,"Ace Ventura: When Nature Calls",1995
20,"Money Train",1995
21,"Get Shorty",1995
22,"Copycat",1995
23,"Assassins",1995
24,"Powder",1995
25,"Leaving Las Vegas",1995
26,"Othello",1995
27,"Now and Then",1995
28,"Persuasion",1995
29,"City of Lost Children, The (Cité des enfants perdus, La)",1995
30,"Shanghai Triad (Yao a yao yao dao waipo qiao)",1995
31,"Dangerous Minds",1995
32,"Twelve Monkeys (a.k.a. 12 Monkeys)",1995
34,"Babe",1995
35,"Carrington",1995
36,"Dead Man Walking",1995
37,"Across the Sea of Time",1995
38,"It Takes Two",1995
39,"Clueless",1995
40,"Cry, the Beloved Country",1995
41,"Richard III",1995
42,"Dead Presidents",1995
43,"Restoration",1995
44,"Mortal Kombat",1995
45,"To Die For",1995
46,"How to Make an American Quilt",1995
47,"Seven (a.k.a. Se7en)",1995
48,"Pocahontas",1995
50,"Usual Suspects, The",1995
52,"Mighty Aphrodite",1995
54,"Big Green, The",1995
55,"Georgia",1995
57,"Home for the Holidays",1995
59,"Confessional, The (Confessionnal, Le)",1995
60,"Indian in the Cupboard, The",1995
62,"Mr. Holland's Opus",1995
67,"Two Bits",1995
68,"French Twist (Gazon maudit)",1995
69,"Friday",1995
71,"Fair Game",1995
72,"Kicking and Screaming",1995
73,"Misérables, Les",1995
76,"Screamers",1995
78,"Crossing Guard, The",1995
80,"White Balloon, The (Badkonake sefid)",1995
81,"Things to Do in Denver When You're Dead",1995
82,"Antonia's Line (Antonia)",1995
83,"Once Upon a Time... When We Were Colored",1995
85,"Angels and Insects",1995
89,"Nick of Time",1995
93,"Vampire in Brooklyn",1995
96,"In the Bleak Midwinter",1995
97,"Hate (Haine, La)",1995
99,"Heidi Fleiss: Hollywood Madam",1995
105,"Bridges of Madison County, The",1995
110,"Braveheart",1995
112,"Rumble in the Bronx (Hont faan kui)",1995
114,"Margaret's Museum",1995
116,"Anne Frank Remembered",1995
117,"Young Poisoner's Handbook, The",1995
119,"Steal Big, Steal Little",1995
124,"Star Maker, The (Uomo delle stelle, L')",1995
130,"Angela",1995
132,"Jade",1995
136,"From the Journals of Jean Seberg",1995
138,"Neon Bible, The",1995
144,"Brothers McMullen, The",1995
145,"Bad Boys",1995
147,"Basketball Diaries, The",1995
148,"Awfully Big Adventure, An",1995
150,"Apollo 13",1995
151,"Rob Roy",1995
152,"Addiction, The",1995
153,"Batman Forever",1995
155,"Beyond Rangoon",1995
156,"Blue in the Face",1995
157,"Canadian Bacon",1995
158,"Casper",1995
159,"Clockers",1995
160,"Congo",1995
161,"Crimson Tide",1995
163,"Desperado",1995
164,"Devil in a Blue Dress",1995
165,"Die Hard: With a Vengeance",1995
166,"Doom Generation, The",1995
167,"Feast of July",1995
168,"First Knight",1995
169,"Free Willy 2: The Adventure Home",1995
170,"Hackers",1995
171,"Jeffrey",1995
172,"Johnny Mnemonic",1995
173,"Judge Dredd",1995
174,"Jury Duty",1995
175,"Kids",1995
176,"Living in Oblivion",1995
177,"Lord of Illusions",1995
179,"Mad Love",1995
180,"Mallrats",1995
181,"Mighty Morphin Power Rangers: The Movie",1995
182,"Moonlight and Valentino",1995
185,"Net, The",1995
186,"Nine Months",1995
187,"Party Girl",1995
188,"Prophecy, The",1995
189,"Reckless",1995
190,"Safe",1995
191,"Scarlet Letter, The",1995
192,"Show, The",1995
193,"Showgirls",1995
194,"Smoke",1995
195,"Something to Talk About",1995
196,"Species",1995
197,"Stars Fell on Henrietta, The",1995
198,"Strange Days",1995
200,"Tie That Binds, The",1995
201,"Three Wishes",1995
202,"Total Eclipse",1995
203,"To Wong Foo, Thanks for Everything! Julie Newmar",1995
204,"Under Siege 2: Dark Territory",1995
205,"Unstrung Heroes",1995
206,"Unzipped",1995
207,"Walk in the Clouds, A",1995
208,"Waterworld",1995
209,"White Man's Burden",1995
210,"Wild Bill",1995
212,"Bushwhacked",1995
215,"Before Sunrise",1995
216,"Billy Madison",1995
218,"Boys on the Side",1995
220,"Castle Freak",1995
222,"Circle of Friends",1995
224,"Don Juan DeMarco",1995
230,"Dolores Claiborne",1995
236,"French Kiss",1995
237,"Forget Paris",1995
238,"Far From Home: The Adventures of Yellow Dog",1995
239,"Goofy Movie, A",1995
240,"Hideaway",1995
241,"Fluke",1995
243,"Gordy",1995
244,"Gumby: The Movie",1995
250,"Heavyweights (Heavy Weights)",1995
254,"Jefferson in Paris",1995
255,"Jerky Boys, The",1995
257,"Just Cause",1995
258,"Kid in King Arthur's Court, A",1995
259,"Kiss of Death",1995
262,"Little Princess, A",1995
267,"Major Payne",1995
271,"Losing Isaiah",1995
274,"Man of the House",1995
278,"Miami Rhapsody",1995
279,"My Family",1995
280,"Murder in the First",1995
283,"New Jersey Drive",1995
286,"Nemesis 2: Nebula",1995
292,"Outbreak",1995
294,"Perez Family, The",1995
295,"Pyromaniac's Love Story, A",1995
297,"Panther",1995
303,"Quick and the Dead, The",1995
304,"Roommates",1995
310,"Rent-a-Kid",1995
312,"Stuart Saves His Family",1995
322,"Swimming with Sharks",1995
325,"National Lampoon's Senior Trip",1995
327,"Tank Girl",1995
328,"Tales from the Crypt Presents: Demon Knight",1995
330,"Tales from the Hood",1995
332,"Village of the Damned",1995
333,"Tommy Boy",1995
335,"Underneath",1995
336,"Walking Dead, The",1995
338,"Virtuosity",1995
339,"While You Were Sleeping",1995
343,"Baby-Sitters Club, The",1995
358,"Higher Learning",1995
384,"Bad Company",1995
388,"Boys Life",1995
394,"Coldblooded",1995
397,"Fear, The",1995
407,"In the Mouth of Madness",1995
467,"Live Nude Girls",1995
468,"Englishman Who Went Up a Hill But Came Down a Mountain, The",1995
562,"Welcome to the Dollhouse",1995
581,"Celluloid Closet, The",1995
585,"Brady Bunch Movie, The",1995
603,"Bye Bye, Love",1995
606,"Candyman: Farewell to the Flesh",1995
618,"Two Much",1995
627,"Last Supper, The",1995
632,"Land and Freedom (Tierra y libertad)",1995
633,"Denise Calls Up",1995
638,"Jack and Sarah",1995
645,"Nelly & Monsieur Arnaud",1995
649,"Cold Fever",1995
665,"Underground",1995
666,"All Things Fair (Lust och frgring stor)",1995
679,"Run of the Country, The",1995
688,"Operation Dumbo Drop",1995
696,"Butterfly Kiss",1995
700,"Angus",1995
714,"Dead Man",1995
715,"Horseman on the Roof, The (Hussard sur le toit, Le)",1995
717,"Mouth to Mouth (Boca a boca)",1995
728,"Cold Comfort Farm",1995
741,"Ghost in the Shell (Kôkaku kidôtai)",1995
745,"Wallace & Gromit: A Close Shave",1995
753,"Month by the Lake, A",1995
754,"Gold Diggers: The Secret of Bear Mountain",1995
764,"Heavy",1995
767,"Grass Harp, The",1995
768,"Someone Else's America",1995
816,"Two Deaths",1995
821,"Crude Oasis, The",1995
831,"Stonewall",1995
843,"Lotto Land",1995
846,"Flirt",1995
850,"Cyclo (Xich lo)",1995
864,"Wife, The",1995
888,"Land Before Time III: The Time of the Great Giving",1995
891,"Halloween: The Curse of Michael Myers (Halloween 6: The Curse of Michael Myers)",1995
985,"Small Wonders",1995
989,"Brother of Sleep (Schlafes Bruder)",1995
1087,"Madame Butterfly",1995
1115,"Sleepover",1995
1116,"Single Girl, A (Fille seule, La)",1995
1118,"North Star (a.k.a. Tashunga)",1995
1119,"Drunks",1995
1138,"Dadetown",1995
1146,"Curtis's Charm",1995
1170,"Best of the Best 3: No Turning Back",1995
1308,"I Shot a Man in Vegas",1995
1309,"Parallel Sons",1995
1315,"Paris Was a Woman",1995
1318,"Blue Juice",1995
1364,"Zero Kelvin (Kjrlighetens kjtere)",1995
1406,"Judgement in Stone, A (Crmonie, La)",1995
1421,"Grateful Dead",1995
1428,"Angel Baby",1995
1716,"Other Voices, Other Rooms",1995
1720,"Time Tracers",1995
1872,"Go Now",1995
2103,"Tall Tale",1995
2483,"Day of the Beast, The (Día de la Bestia, El)",1995
2818,"Iron Eagle IV",1995
3046,"Incredibly True Adventure of Two Girls in Love, The",1995
3446,"Funny Bones",1995
3477,"Empire Records",1995
3573,"Carnosaur 2",1995
3960,"Haunted",1995
4193,"Fantasticks, The",1995
4750,"3 Ninjas Knuckle Up",1995
6557,"Born to Be Wild",1995
6857,"Ninja Scroll (Jûbei ninpûchô)",1995
7669,"Pride and Prejudice",1995
8676,"Fist of the North Star",1995
8701,"Dr. Jekyll and Ms. Hyde",1995
8839,"Mangler, The",1995
26903,"Whisper of the Heart (Mimi wo sumaseba)",1995
43677,"Tuskegee Airmen, The",1995
51357,"Citizen X",1995
95738,"Adventures of Mary-Kate and Ashley, The: The Case of the Christmas Caper",1995
96473,"Prime Suspect: Inner Circles",1995
96520,"Prime Suspect: The Lost Child",1995
