"movieId","title","year"
53207,"88 Minutes",2008
55830,"Be Kind Rewind",2008
56949,"27 Dresses",2008
57368,"Cloverfield",2008
57520,"One Missed Call",2008
57526,"Untraceable",2008
57528,"Rambo (Rambo 4)",2008
57532,"Meet the Spartans",2008
57534,"Eye, The",2008
57536,"Strange Wilderness",2008
57538,"Over Her Dead Body",2008
57640,"Hellboy II: The Golden Army",2008
57669,"In Bruges",2008
57951,"Fool's Gold",2008
58025,"Jumper",2008
58047,"Definitely, Maybe",2008
58103,"Vantage Point",2008
58105,"Spiderwick Chronicles, The",2008
58107,"Step Up 2 the Streets",2008
58154,"Other Boleyn Girl, The",2008
58156,"Semi-Pro",2008
58293,"10,000 BC",2008
58295,"Bank Job, The",2008
58297,"Doomsday",2008
58299,"Horton Hears a Who!",2008
58315,"Love Guru, The",2008
58432,"What Just Happened",2008
58490,"Miss Pettigrew Lives for a Day",2008
58559,"Dark Knight, The",2008
58627,"Never Back Down",2008
58655,"Drillbit Taylor",2008
58803,"21",2008
58839,"Leatherheads",2008
58876,"Stop-Loss",2008
58889,"Business of Being Born, The",2008
58972,"Nim's Island",2008
58975,"Ruins, The",2008
58998,"Forgetting Sarah Marshall",2008
59014,"Superhero Movie",2008
59016,"Street Kings",2008
59022,"Harold & Kumar Escape from Guantanamo Bay",2008
59037,"Speed Racer",2008
59103,"Forbidden Kingdom, The",2008
59118,"Happy-Go-Lucky",2008
59126,"Religulous",2008
59256,"Deception",2008
59258,"Baby Mama",2008
59295,"Expelled: No Intelligence Allowed",2008
59306,"Prom Night",2008
59315,"Iron Man",2008
59333,"Made of Honor",2008
59369,"Taken",2008
59392,"Stargate: The Ark of Truth",2008
59421,"What Happens in Vegas...",2008
59501,"Chronicles of Narnia: Prince Caspian, The",2008
59615,"Indiana Jones and the Kingdom of the Crystal Skull",2008
59625,"Hey, Hey, It's Esther Blueburger",2008
59725,"Sex and the City",2008
59727,"Strangers, The",2008
59731,"Bigger, Stronger, Faster*",2008
59784,"Kung Fu Panda",2008
59900,"You Don't Mess with the Zohan",2008
59908,"Promotion, The",2008
60037,"Happening, The",2008
60040,"Incredible Hulk, The",2008
60044,"Baghead",2008
60069,"WALL·E",2008
60072,"Wanted",2008
60074,"Hancock",2008
60126,"Get Smart",2008
60161,"Futurama: The Beast with a Billion Backs",2008
60289,"Kit Kittredge: An American Girl",2008
60291,"Gonzo: The Life and Work of Dr. Hunter S. Thompson",2008
60333,"Encounters at the End of the World",2008
60382,"Roman Polanski: Wanted and Desired",2008
60397,"Mamma Mia!",2008
60408,"Welcome to the Sticks (Bienvenue chez les Ch'tis)",2008
60514,"Journey to the Center of the Earth",2008
60516,"Meet Dave",2008
60647,"Transsiberian",2008
60674,"Stargate: Continuum",2008
60753,"Felon",2008
60756,"Step Brothers",2008
60758,"Brideshead Revisited",2008
60760,"X-Files: I Want to Believe, The",2008
60763,"American Teen",2008
60766,"Man on Wire",2008
60937,"Mummy: Tomb of the Dragon Emperor, The",2008
60939,"Swing Vote",2008
60948,"Bottle Shock",2008
60950,"Vicky Cristina Barcelona",2008
61024,"Pineapple Express",2008
61071,"Sisterhood of the Traveling Pants 2, The",2008
61132,"Tropic Thunder",2008
61160,"Star Wars: The Clone Wars",2008
61167,"Henry Poole is Here",2008
61210,"Mutant Chronicles",2008
61236,"Waltz with Bashir (Vals im Bashir)",2008
61240,"Let the Right One In (Låt den rätte komma in)",2008
61246,"Hamlet 2",2008
61248,"Death Race",2008
61250,"House Bunny, The",2008
61255,"Rocker, The",2008
61262,"Mirrors",2008
61323,"Burn After Reading",2008
61348,"Disaster Movie",2008
61350,"Babylon A.D.",2008
61352,"Traitor",2008
61394,"Onion Movie, The",2008
61401,"Spirit, The",2008
61406,"John Adams",2008
61465,"Bangkok Dangerous",2008
61697,"Righteous Kill",2008
61729,"Ghost Town",2008
61986,"Appaloosa",2008
62081,"Eagle Eye",2008
62155,"Nick and Norah's Infinite Playlist",2008
62203,"Martyrs",2008
62250,"Gomorrah (Gomorra)",2008
62293,"Duchess, The",2008
62374,"Body of Lies",2008
62376,"City of Ember",2008
62394,"Max Payne",2008
62434,"Zack and Miri Make a Porno",2008
62437,"W.",2008
62511,"Synecdoche, New York",2008
62553,"Secret Life of Bees, The",2008
62577,"Flash of Genius",2008
62644,"Wave, The (Welle, Die)",2008
62718,"Angus, Thongs and Perfect Snogging",2008
62733,"Quarantine",2008
62792,"Pride and Glory",2008
62849,"RocknRolla",2008
62912,"High School Musical 3: Senior Year",2008
62956,"Futurama: Bender's Game",2008
62999,"Madagascar: Escape 2 Africa",2008
63033,"Blindness",2008
63062,"Changeling",2008
63082,"Slumdog Millionaire",2008
63113,"Quantum of Solace",2008
63131,"Role Models",2008
63189,"Sauna",2008
63393,"Camp Rock",2008
63446,"Christmas Tale, A (Un conte de Noël)",2008
63479,"Sex Drive",2008
63540,"Beverly Hills Chihuahua",2008
63808,"Class, The (Entre les murs)",2008
63853,"Australia",2008
63859,"Bolt",2008
63876,"Milk",2008
63992,"Twilight",2008
64030,"Transporter 3",2008
64034,"Boy in the Striped Pajamas, The (Boy in the Striped Pyjamas, The)",2008
64116,"Igor",2008
64197,"Hunger",2008
64231,"Punisher: War Zone",2008
64285,"Wallace and Gromit in 'A Matter of Loaf and Death'",2008
64497,"Day the Earth Stood Still, The",2008
64499,"Che: Part One",2008
64508,"Starship Troopers 3: Marauder",2008
64575,"Doubt",2008
64614,"Gran Torino",2008
64620,"Frost/Nixon",2008
64622,"Reader, The",2008
64716,"Seven Pounds",2008
64839,"Wrestler, The",2008
64957,"Curious Case of Benjamin Button, The",2008
64969,"Yes Man",2008
64983,"Valkyrie",2008
65088,"Bedtime Stories",2008
65126,"Choke",2008
65130,"Revolutionary Road",2008
65188,"Dear Zachary: A Letter to a Son About His Father",2008
65216,"Defiance",2008
65225,"Zeitgeist: Addendum",2008
65230,"Marley & Me",2008
65261,"Ponyo (Gake no ue no Ponyo)",2008
65435,"Open Season 2",2008
65465,"Last Chance Harvey",2008
65514,"Ip Man",2008
65558,"Recruiter, The",2008
65577,"Tale of Despereaux, The",2008
65685,"Inkheart",2008
65731,"Alphabet Killer, The",2008
65817,"Donkey Punch",2008
65868,"Repo! The Genetic Opera",2008
66130,"Chocolate",2008
66200,"Two Lovers",2008
66371,"Departures (Okuribito)",2008
66744,"Divo, Il",2008
66934,"Dr. Horrible's Sing-Along Blog",2008
67073,"Day of the Dead",2008
67168,"Dance of the Dead",2008
67223,"Sugar",2008
67252,"Ong-Bak 2: The Beginning (Ong Bak 2)",2008
67267,"Sunshine Cleaning",2008
67295,"Kung Fu Panda: Secrets of the Furious Five",2008
67508,"Baader Meinhof Komplex, Der",2008
67665,"Anvil! The Story of Anvil",2008
68288,"Informers, The",2008
68659,"Fanboys",2008
68838,"Every Little Step",2008
68848,"Brothers Bloom, The",2008
69324,"Flame and Citron (Flammen & Citronen)",2008
69394,"Stoning of Soraya M., The",2008
69458,"Tyson",2008
69481,"Hurt Locker, The",2008
69493,"Tu£sday",2008
69818,"Franklyn",2008
70862,"It Might Get Loud",2008
71282,"Food, Inc.",2008
71732,"I Sell the Dead",2008
72483,"Keith",2008
73211,"Pontypool",2008
74148,"More Than a Game",2008
78019,"Adam Resurrected",2008
78332,"Beautiful Person, The (La belle personne)",2008
79008,"South Park: Imaginationland",2008
79299,"No. 1 Ladies' Detective Agency, The",2008
80844,"Lake Mungo",2008
84173,"Ca$h",2008
85736,"BURN-E",2008
86347,"Louis C.K.: Chewed Up",2008
87960,"Between the Folds",2008
88280,"Frontier of the Dawn (La frontière de l'aube)",2008
89367,"Restraint",2008
93729,"Pageant",2008
93948,"Midnight Movie",2008
94949,"Boy Meets Boy",2008
95175,"Front of the Class",2008
95311,"Presto",2008
96069,"Little Mermaid: Ariel's Beginning, The",2008
