"movieId","title","year"
2436,"Tea with Mussolini",1999
2445,"At First Sight",1999
2446,"In Dreams",1999
2447,"Varsity Blues",1999
2448,"Virus",1999
2479,"Gloria",1999
2485,"She's All That",1999
2490,"Payback",1999
2491,"Simply Irresistible",1999
2496,"Blast from the Past",1999
2497,"Message in a Bottle",1999
2498,"My Favorite Martian",1999
2500,"Jawbreaker",1999
2501,"October Sky",1999
2502,"Office Space",1999
2504,"200 Cigarettes",1999
2505,"8MM",1999
2506,"Other Sister, The",1999
2507,"Breakfast of Champions",1999
2539,"Analyze This",1999
2540,"Corruptor, The",1999
2541,"Cruel Intentions",1999
2546,"Deep End of the Ocean, The",1999
2548,"Rage: Carrie 2, The",1999
2549,"Wing Commander",1999
2555,"Baby Geniuses",1999
2558,"Forces of Nature",1999
2559,"King and I, The",1999
2560,"Ravenous",1999
2561,"True Crime",1999
2566,"Doug's 1st Movie",1999
2567,"EDtv",1999
2568,"Mod Squad, The",1999
2570,"Walk on the Moon, A",1999
2571,"Matrix, The",1999
2572,"10 Things I Hate About You",1999
2574,"Out-of-Towners, The",1999
2580,"Go",1999
2581,"Never Been Kissed",1999
2583,"Cookie's Fortune",1999
2584,"Foolish",1999
2587,"Life",1999
2589,"Friends & Lovers",1999
2598,"Pushing Tin",1999
2599,"Election",1999
2600,"eXistenZ",1999
2605,"Entrapment",1999
2606,"Idle Hands",1999
2611,"Winslow Boy, The",1999
2617,"Mummy, The",1999
2622,"William Shakespeare's A Midsummer Night's Dream",1999
2628,"Star Wars: Episode I - The Phantom Menace",1999
2629,"Love Letter, The",1999
2671,"Notting Hill",1999
2672,"Thirteenth Floor, The",1999
2676,"Instinct",1999
2677,"Buena Vista Social Club",1999
2682,"Limbo",1999
2683,"Austin Powers: The Spy Who Shagged Me",1999
2687,"Tarzan",1999
2688,"General's Daughter, The",1999
2689,"Get Bruce",1999
2690,"Ideal Husband, An",1999
2694,"Big Daddy",1999
2700,"South Park: Bigger, Longer and Uncut",1999
2701,"Wild Wild West",1999
2702,"Summer of Sam",1999
2706,"American Pie",1999
2707,"Arlington Road",1999
2709,"Muppets From Space",1999
2710,"Blair Witch Project, The",1999
2711,"My Life So Far",1999
2712,"Eyes Wide Shut",1999
2713,"Lake Placid",1999
2714,"Wood, The",1999
2718,"Drop Dead Gorgeous",1999
2719,"Haunting, The",1999
2720,"Inspector Gadget",1999
2721,"Trick",1999
2722,"Deep Blue Sea",1999
2723,"Mystery Men",1999
2724,"Runaway Bride",1999
2725,"Twin Falls Idaho",1999
2759,"Dick",1999
2761,"Iron Giant, The",1999
2762,"Sixth Sense, The",1999
2763,"Thomas Crown Affair, The",1999
2770,"Bowfinger",1999
2771,"Brokedown Palace",1999
2772,"Detroit Rock City",1999
2805,"Mickey Blue Eyes",1999
2806,"Teaching Mrs. Tingle",1999
2807,"Universal Soldier: The Return",1999
2812,"In Too Deep",1999
2826,"13th Warrior, The",1999
2827,"Astronaut's Wife, The",1999
2828,"Dudley Do-Right",1999
2829,"Muse, The",1999
2835,"Chill Factor",1999
2836,"Outside Providence",1999
2840,"Stigmata",1999
2841,"Stir of Echoes",1999
2844,"Minus Man, The",1999
2858,"American Beauty",1999
2860,"Blue Streak",1999
2861,"For Love of the Game",1999
2864,"Splendor",1999
2881,"Double Jeopardy",1999
2882,"Jakob the Liar",1999
2883,"Mumford",1999
2888,"Drive Me Crazy",1999
2889,"Mystery, Alaska",1999
2890,"Three Kings",1999
2891,"Happy, Texas",1999
2893,"Plunkett & MaCleane",1999
2894,"Romance",1999
2906,"Random Hearts",1999
2907,"Superstar",1999
2908,"Boys Don't Cry",1999
2912,"Limey, The",1999
2913,"Mating Habits of the Earthbound Human, The",1999
2959,"Fight Club",1999
2961,"Story of Us, The",1999
2965,"Omega Code, The",1999
2966,"Straight Story, The",1999
2974,"Bats",1999
2975,"Best Man, The",1999
2976,"Bringing Out the Dead",1999
2977,"Crazy in Alabama",1999
2978,"Three to Tango",1999
2979,"Body Shots",1999
2995,"House on Haunted Hill",1999
2996,"Music of the Heart",1999
2997,"Being John Malkovich",1999
2999,"Man of the Century",1999
3002,"My Best Fiend (Mein liebster Feind)",1999
3004,"Bachelor, The",1999
3005,"Bone Collector, The",1999
3006,"Insider, The",1999
3007,"American Movie",1999
3010,"Rosetta",1999
3051,"Anywhere But Here",1999
3052,"Dogma",1999
3053,"Messenger: The Story of Joan of Arc, The",1999
3055,"Felicia's Journey",1999
3056,"Oxygen",1999
3078,"Liberty Heights",1999
3079,"Mansfield Park",1999
3081,"Sleepy Hollow",1999
3082,"World Is Not Enough, The",1999
3083,"All About My Mother (Todo sobre mi madre)",1999
3113,"End of Days",1999
3114,"Toy Story 2",1999
3115,"Flawless",1999
3116,"Miss Julie",1999
3117,"Ride with the Devil",1999
3118,"Tumbleweeds",1999
3124,"Agnes Browne",1999
3125,"End of the Affair, The",1999
3127,"Holy Smoke",1999
3129,"Sweet and Lowdown",1999
3145,"Cradle Will Rock",1999
3146,"Deuce Bigalow: Male Gigolo",1999
3147,"Green Mile, The",1999
3148,"Cider House Rules, The",1999
3155,"Anna and the King",1999
3156,"Bicentennial Man",1999
3157,"Stuart Little",1999
3158,"Emperor and the Assassin, The (Jing ke ci qin wang)",1999
3159,"Fantasia 2000",1999
3160,"Magnolia",1999
3161,"Onegin",1999
3163,"Topsy-Turvy",1999
3173,"Any Given Sunday",1999
3174,"Man on the Moon",1999
3175,"Galaxy Quest",1999
3176,"Talented Mr. Ripley, The",1999
3178,"Hurricane, The",1999
3179,"Angela's Ashes",1999
3180,"Play it to the Bone",1999
3181,"Titus",1999
3182,"Mr. Death: The Rise and Fall of Fred A. Leuchter, Jr.",1999
3183,"Third Miracle, The",1999
3185,"Snow Falling on Cedars",1999
3186,"Girl, Interrupted",1999
3189,"My Dog Skip",1999
3238,"Eye of the Beholder",1999
3289,"Not One Less (Yi ge dou bu neng shao)",1999
3302,"Beautiful People",1999
3327,"Beyond the Mat",1999
3328,"Ghost Dog: The Way of the Samurai",1999
3355,"Ninth Gate, The",1999
3357,"East-West (Est-ouest)",1999
3509,"Black and White",1999
3538,"East is East",1999
3556,"Virgin Suicides, The",1999
3581,"Human Traffic",1999
3625,"Better Living Through Circuitry",1999
3626,"8 ½ Women (a.k.a. 8 1/2 Women) (a.k.a. Eight and a Half Women)",1999
3718,"American Pimp",1999
3720,"Sunshine",1999
3747,"Jesus' Son",1999
3786,"But I'm a Cheerleader",1999
3787,"Shower (Xizao)",1999
3795,"Five Senses, The",1999
3822,"Girl on the Bridge, The (Fille sur le pont, La)",1999
3823,"Wonderland",1999
3854,"Aimée & Jaguar",1999
3855,"Affair of Love, An (Liaison pornographique, Une)",1999
3864,"Godzilla 2000 (Gojira ni-sen mireniamu)",1999
3902,"Goya in Bordeaux (Goya en Burdeos)",1999
3913,"Barenaked in America",1999
3954,"Just Looking",1999
3989,"One Day in September",1999
4145,"Fever",1999
4172,"Simon Magus",1999
4312,"Himalaya (Himalaya - l'enfance d'un chef)",1999
4374,"Let It Snow",1999
4382,"Wolves",1999
4460,"Encounter in the Third Dimension",1999
5605,"Ratcatcher",1999
6243,"Ringu 2 (Ring 2)",1999
6939,"Gloomy Sunday (Ein Lied von Liebe und Tod)",1999
7124,"Grass",1999
7343,"Wisconsin Death Trip",1999
7648,"Wildflowers",1999
7753,"Tuesdays with Morrie",1999
7786,"Genghis Blues",1999
7809,"Ambush (Rukajärven tie)",1999
7810,"Babylon 5: A Call to Arms",1999
8012,"Kikujiro (Kikujirô no natsu)",1999
8093,"Shiri (Swiri)",1999
8581,"Pirates of Silicon Valley",1999
9015,"Slipping-Down Life, A",1999
27003,"Beowulf",1999
27073,"Two Hands",1999
27171,"Freeway II: Confessions of a Trickbaby",1999
27180,"Joan of Arc",1999
27316,"6ixtynin9 (Ruang Talok 69)",1999
27317,"Audition (_dishon)",1999
33779,"Eddie Izzard: Dress to Kill",1999
72692,"Mickey's Once Upon a Christmas",1999
94423,"Disney Princess Collection: Jasmine's Enchanted Tales: Jasmine's Wish",1999
95839,"Christmas Carol, A",1999
110546,"MC5: Kick Out the Jams",1999
116030,"Children of the Corn 666: Isaac's Return",1999
